[
    {
        "name": "Player1",
        "points": 1500
    },
    {
        "name": "Player2",
        "points": 1500
    },
    {
        "name": "Player3",
        "points": 1500
    },
    {
        "name": "Player4",
        "points": 1500
    },
    {
        "name": "Player5",
        "points": 1500
    },
    {
        "name": "Player6",
        "points": 1500
    },
    {
        "name": "Player7",
        "points": 1500
    },
    {
        "name": "Player8",
        "points": 1500
    },
    {
        "name": "Player9",
        "points": 1500
    },
    {
        "name": "Player10",
        "points": 1500
    },
    {
        "name": "Player11",
        "points": 1500
    },
    {
        "name": "Player12",
        "points": 1500
    }
]